aaa分类,关键词,描述内容
飞行器相关物品展示,固定翼无人机,固定翼无人机，机翼外端后掠角可随速度自动或手动调整的机翼固定的一类无人机。因其优良的功能、模块化集成，现已广泛应用在测绘、地质、石油、农林等职业，具有广阔的市场应用远景。一般的固定翼无人机系统由五个主要部分组成：机体结构、航电系统、动力系统、起降系统和地面控制站。机体结构由可拆卸的模块化机体组成，既方便携带，又可以在短时间内完成组装、起飞。航电系统由飞控电脑、感应器、酬载、无线通讯、空电电池组成，完成飞机控制系统的需要。动力系统由动力电池、螺旋桨、无刷马达组成，提供飞机飞行所需的动力。起降系统由弹射绳、弹射架、降落伞组成，帮助飞机完成弹射起飞和伞降着陆。地面控制站包括地面站电脑、手柄、电台等通讯设备，用以辅助完成路线规划任务和飞行过程的监控。
飞行器相关物品展示,旋翼无人机,微型旋翼无人机是微机电系统集成的产物，以其能够垂直起降、自由悬停、控制灵活和适应各种环境能力强等优点成为国内外很多实验室研究的重点。微型旋翼无人机的系统研究主要是针对地面控制系统和机载测控通信系统，地面控制系统是能够对无人机的飞行姿态进行监测和指令控制；机载测控通信系统主要是在无人机飞行状态下对惯性传感器、超声波测距仪等进行数据采集，并把这些数据传送给地面控制系统。
飞行器相关物品展示,差动均姿,差动控制是一种通过控制两个或多个相同或相似的系统之间的差异来实现精确控制的方法。这种方法用于调整无人机的姿态。通过比较无人机的当前姿态与目标姿态之间的差异，控制器可以计算出必要的纠正动作，而这些动作被应用于无人机的控制系统，以实现姿态的精确调整。
飞行器相关物品展示,模块化平面相控阵雷达天线机构,哈尔滨工业大学刘荣强教授团队在宇航空间机构及控制领域有显著研究成果。他们自2000年以来一直从事相关研究，近年来主要关注大型空间可展开机构的创新设计、动力学分析与实验。研究成果包括大型空间可重复展收伸展臂、可展开抛物面天线机构、模块化可展开平面天线机构等原理样机的研制，以及完成多个科研项目和发表多篇论文。
飞行器相关物品展示,大飞机制造,这里的大飞机指C919（中文：中国商飞C919，英文：COMAC C919），是中国首款按照国际通行适航标准自行研制、具有自主知识产权的喷气式中程干线客机，设计定位于150座级单通道窄体机市场。
航天相关物品展示,核心舱,天和核心舱是中国空间站发射入轨的首个舱段。天和核心舱主要用于中国空间站统一控制和管理，具备长期自主飞行能力，可支持航天员长期驻留，开展航天医学、空间科学实验和技术试验，起飞质量22.5吨，是中国自主研制的规模最大、系统最复杂的航天器。后续，天和核心舱先后迎接天舟货运飞船和神舟飞船的访问，在全面完成空间站关键技术验证后，与问天实验舱、梦天实验舱实施交会对接，完成中国空间站三舱组合体在轨组装建造。2021年4月29日11时23分，天和核心舱由长征五号B遥二运载火箭搭载发射，在中国文昌航天发射场点火升空，约494秒后，天和核心舱与火箭分离，进入预定轨道；12时36分，天和核心舱的太阳能帆板两翼展开且工作正常，发射任务取得成功。
航天相关物品展示,问天实验舱,"问天实验舱是中国空间站发射入轨完成建造国家太空实验室的重要大型舱段之一。问天实验舱是中国空间站的第二个舱段，也是首个科学实验舱。问天实验舱由工作舱、气闸舱和资源舱组成，起飞重量约23吨，主要用于支持航天员驻留、出舱活动和开展空间科学实验，同时可作为天和核心舱的备份，对空间站进行管理。该次任务是中国空间站首次在有人状态下迎接的航天器到访。同时，问天实验舱舱段也是中国迄今为止发射的最重载荷。
北京时间2022年7月24日14时22分22秒，搭载问天实验舱的长征五号B遥三运载火箭，在中国文昌航天发射场点火升空，发射取得成功。北京时间2022年7月25日3时13分，问天实验舱成功对接于天和核心舱前向端口。2022年7月25日10时03分，神舟十四号航天员乘组成功开启舱门顺利进入问天实验舱。2023年7月20日，神舟十六号航天员乘组圆满完成出舱活动全部既定任务，航天员景海鹏、朱杨柱已安全返回空间站问天实验舱，出舱活动取得圆满成功。航天员朱杨柱成为中国首个出舱活动的航天飞行工程师。"
航天相关物品展示,舱外状态检查,舱外状态检查通常指对空间站外部结构和系统的检查和评估，以确保其正常运作和完好无损。舱外状态检查通常包括结构完整性检查，表面状况检测，传感器通信设备以及舱外实验设备检查等。舱外状态检查通常通过舱外活动，或利用舱外摄像头以及机械臂完成。
航天相关物品展示,舱外货物转移,空间站货物出舱安装任务由载荷转移机构、货物气闸舱、内外舱门、机械臂协同配合，通过在轨航天员或地面操作，将需要出舱的货物送出舱外，根据任务需要也可将舱外的货物送进舱内。突破掌握此项关键技术，可大幅提高舱内外货物交换效率，减少航天员出舱次数和工作量。按计划，后续还将持续开展货物出舱安装工作。
航天相关物品展示,舱外维护维修,舱外维修与辅助工具由中国航天科技集团五院研制，可协助航天员有效克服在轨着航天服状态下，手套充压后操作不便、航天员需单手操作难度大、在轨防漂要求高等难题，具备辅助航天员在轨着航天服状态下开展舱外行走、位姿转换、设备更换、产品安全防护等多项功能，是航天员执行舱外活动必不可少的工具。
航天相关物品展示,载荷照料,载荷照料通常指对空间飞行器上的载荷的管理和维护的工作，载荷可以是科学仪器、卫星、实验设备或任何其他为了特定目的被送入太空的设备，载荷照料设计载荷的安装部署，操作监控，维护和故障排除，数据管理，环境控制以及返回和回收。
航天相关物品展示,光学设施维护,巡天空间望远镜可以看作一座在轨飞行的移动式空间天文台，在日常观测的时候远离空间站共轨飞行，与空间站在一个轨道面内，当需要补给或者维修升级时，巡天空间望远镜会主动与空间站进行对接，然后进行补给，也可以通过航天员的操作，对后端的仪器以及前面主光学系统的组件进行更换升级，或者运送到实验舱内进行维修。
航天相关物品展示,天宫二号,天宫二号，为中国载人航天工程发射第二个目标飞行器，是中国首个具备补加功能的载人航天科学实验空间实验室。天宫二号于2016年9月15日在酒泉卫星发射中心发射升空；于2019年7月16日终止数据服务；于2019年7月19日受控离轨并再入大气层，落入南太平洋预定安全海域。天宫二号是空间实验室阶段任务的主要飞行器之一，先后与神舟十一号、天舟一号进行对接，承担着验证空间站相关技术的重要使命，是中国第一个真正意义上的太空实验室。
航天相关物品展示,酒泉卫星发射中心,"酒泉卫星发射中心，又称“东风航天城”，是原总装备部20基地，1958年10月20日成立，是中国创建最早、规模最大的综合型导弹、卫星发射中心，测试及发射长征系列运载火箭、中低轨道的各种试验卫星、应用卫星、载人飞船和火箭导弹的主要基地，基地并负有残骸回收、航天员应急救生等任务。是中国科学卫星、技术试验卫星和运载火箭的发射试验基地之一，隶属于原中国人民解放军总装备部，现隶属于战略支援部队。酒泉卫星发射中心位于甘肃省酒泉市东北地区，占地面积约2800平方千米，地势平坦，人烟稀少，干燥少雨，每年约有300天可进行发射试验，是发射航天器的理想场所。
2016年1月8日，酒泉卫星发射中心被国家旅游局授予首批“全国研学旅游示范基地”称号。2017年3月28日，被国家旅游局、中国科学院推选为“首批中国十大科技旅游基地”。2018年1月27日，酒泉卫星发射中心入选“中国工业遗产保护名录”。截至2018年10月，该中心先后执行110次航天发射任务，成功将145颗卫星、11艘飞船、11名航天员送入太空。北京时间2023年10月26日11时14分，搭载神舟十七号载人飞船的长征二号F遥十七运载火箭在酒泉卫星发射中心点火发射，约10分钟后，神舟十七号载人飞船与火箭成功分离，进入预定轨道，航天员乘组状态良好，发射取得圆满成功。"
航天相关物品展示,人机协同在轨维修试验,2016年11月9日，天宫二号航天员与空间机械手进行了人机协同在轨维修科学试验，这是国际首次人机协同在轨维修技术试验。该试验由哈工大与中国航天科技集团公司第五研究院、北京理工大学共同完成的。这项试验主要面向航天设备在轨组装及拆卸任务，探索人机协同完成在轨维修典型作业，为空间机器人在轨服务积累经验。
航天相关物品展示,在轨插拔航天电连接器,在轨插拔航天电连接器指的是在太空环境中，即在轨道上，对航天器电连接器进行插入（插拔）和分离（拔插）的操作。这种操作通常是在航天器进行维修、升级或模块更换时进行的
航天相关物品展示,遥操作灵巧手,天宫二号空间机械手由哈工大研制，包含多感知柔性机械臂、五指仿人灵巧手、控制器及其软件、手眼相机、人机交互设备及其软件等。研制团队在三年研制周期内，完成了产品研制、地面操作试验、空间环境适应性试验等工作。2016年9月15日，空间 机械手随天宫二号发射入轨。2016年10月19日，天宫二号与神舟十一号对接后，航天员与机械手协同完成了拿电动工具拧螺钉、拆除隔热材料、在轨遥操作等科学试验。 从“十五”开始，哈工大机器人技术与系统国家重点实验室刘宏教授、刘伊威副教授等面向机械手在空间维修维护中的潜在应用，开展了灵巧手、机械臂、柔顺控制、 人机协同 及遥操作等前沿方向的创新性研究，实现了 人机协同 操作中的安全性、灵巧性、交互性等关键技术的突破。其中，运动规划与仿真、碰撞检测、 机械手 柔顺控制等保证了操作过程的人机安全，仿人灵巧手能够实现对多种操作目标的灵巧抓握及操作，航天员基于交互设备实现了对机械手的遥操作控制并能感知操作过程的接触力。团队多年的基础理论研究、关键技术突破和系统集成攻关，为本次科学试验的成功奠定了坚实基础。
航天相关物品展示,玉兔号,"玉兔号是中国首辆月球车和着陆器共同组成的嫦娥三号探测器。
玉兔号月球车设计质量137千克，能源为太阳能，能够耐受月球表面真空、强辐射、零下180摄氏度到零上150摄氏度极限温度等极端环境。月球车具备20度爬坡、20厘米越障能力，并配备有全景相机、红外成像光谱仪、测月雷达、粒子激发X射线谱仪等科学探测仪器。"
航天相关物品展示,月球车,"月球车是一种能够在月球表面行驶并完成月球探测、考察、收集和分析样品等复杂任务的专用车辆。在实验室里，这个重要角色的学名是“月面巡视探测器”，为了使月球车在月面上能够顺利行驶，美国、前苏联曾发射了一系列的卫星探测，并对月面环境进行了反复的科学实验，为在探测器上携带月球车的成功打下了可靠的基础。科学家对经由月球车月面的实地考察所带回的宝贵资料进行了分析研究，大大深化了人类对月球的认识。
 "
航天相关物品展示,火星车,"火星探测车是指在火星登陆用于火星探测的可移动探测器，是人类发射的在火星表面行驶并进行考察的一种车辆。火星车之前由美国和前苏联多次发射。火星车传来了大量的火星资料，为人类了解火星做出了巨大的贡献。
 "
航天相关物品展示,大型空间伸展臂,大型空间伸展臂是一种特殊的机械结构，通常用于在空间中展开和操作大型结构。它是一种可折叠的机械臂，可以在发射时折叠起来，以适应火箭或航天器的尺寸限制，然后在太空中展开，以实现更大的操作空间。大型空间伸展臂被广泛应用于各种空间任务中，例如卫星部署、太空探测器操作、空间站组装和维护等。
航天相关物品展示,远程空间通信,远程空间通信是指利用无线电波在地球站与航天器之间进行远距离通信。这种通信方式可以实现在地球站与航天器之间的信息传输，包括语音、数据和图像等信息。
航天相关物品展示,高分辨对地观测,高分专项工程是中国国家中长期科学和技术发展规划纲要(2006－2020年) 的16个重大科技专项之一。高分辨率对地观测系统重大专项（简称高分专项）是《国家中长期科学与技术发展规划纲要（2006-2020年）》确定的十六个重大科技专项之一，于2010年批准启动实施。“十二五”阶段，高分专项建设成绩斐然。高分一号、二号、四号卫星发射升空，实现了亚米级高空间分辨率与高时间分辨率的有机结合。高分专项在网络上被亲切的称为“中国人自己的全球观测系统”。
航天相关物品展示,嫦娥五号钻表复合高效采样技术,嫦娥五号采用的钻表复合高效采样技术是结合了钻取和表取两种方式，通过空心钻杆的取芯机构钻到月球表面两米深以下处，得到深层样品的层理信息，同时采用机械臂末端固定铲挖型采样器进行表层和次表层月壤采集，实现多点、多次采样。
航天相关物品展示,机械臂表取复合样品封装与传送,嫦娥五号的机械臂表取复合样品封装与传送是一个复杂而精密的过程。通过使用钻表复合高效采样技术，机械臂能够精确地钻取和表取月球表面的样品，并使用特殊的封装设备将不同深度的样品分别封装在返回器的不同层次中。
航天相关物品展示,月面采样技术体系,月面采样技术体系是嫦娥五号工程的核心技术，采用钻取和表取两种方式共同完成采样任务，通过一次任务可同时获得表层和次表层样品，在国际上尚属首例。上升器会带着采集样品与轨返组合体进行交会对接，并将样品转移到返回器中，最终由返回器携带样品返回地球。
航天相关物品展示,小行星探测附着采样系统,小行星探测附着采样系统是一种设备，用于在小行星表面附着并采集其样品。它由附着装置和采样装置组成，附着装置能够稳定地附着在小行星表面，采样装置能够从小行星表面挖掘或刮取材料并存储样品。
航天相关物品展示,空间灵巧手技术,2016年9月我国首个空间灵巧手随天宫二号在酒泉卫星发射中心成功发射，10月至11月开展人机协同在轨维修试验9次，累计80人时。成功完成国际首次在轨手持电动工具旋拧螺钉、在轨插拔航天电连接器，我国首次航天员在轨遥操作灵巧手等精细操作任务，获国家技术发明二等奖2项，2007欧盟机器人技术和转化一等奖1项，出版专著1部。
航天相关物品展示,轮式星球车移动技术,为我国“玉兔号”月球车提供了“6驱动/4转向/主副摇臂/差动均姿”悬架构型及设计参数与筛网轮构型。提供了“玉兔号”月球车、火星车转移机构提出轮步式火星车移动系统构型，移动性能优越，方案已被我国火星车采用。
航天相关物品展示,空间折展机构与变形翼技术,联合研制出我国首个60米长大型空间伸展臂、57米大型模块化平面相控阵雷达天线机构，研究成果用于我国百米雷达天线等，为我国远程空间通信和高分辨对地观测提供了核心装备为我国高超声速飞行器提供了核心装备。
航天相关物品展示,操控作业与采样技术,解决嫦娥五号钻表复合高效采样技术难题，主持构建了“嫦娥五号”钻取/机械臂表取复合样品封装与传送的月面采样技术体系，主持设计并联合研制了“嫦娥五号”月面钻取采样系统正样产品，为我国首次小行星探测附着采样系统提供了关键技术。
机器人相关物品展示,单兵外骨骼,中国单兵外骨骼系统是由中国兵器集团202研究所研制的外骨骼系统，于2015年7月在中国军民融合技术装备博览会上首次亮相。中国单兵外骨骼系统可加装辅助装置，额定负荷平均平地步速为4.5公里每小时，平地行走续航里程为20公里；该新型外骨骼若装备部队，可提高高原部队的单兵负重量，提升单兵侦查能力，可执行高原单兵巡逻、山地单兵巡逻、跨越障碍等任务。
机器人相关物品展示,穿戴式外肢体机器人,可穿戴外骨骼机器人可穿戴，顾名思义就是这些外骨骼机器人，是可以穿到、套到我们身上并且与身体进行协同，其设计部件和关节模仿人类的运动模式，旨在增强人的力量，帮助人类移动。按照动力技术不同，可穿戴的外骨骼机器人可以分为“主动”和“被动”两类
机器人相关物品展示,灵巧手术器械设计,手术器械是指在临床手术中所使用的医疗器械，除常规手术器械外，还有一些专科用的器械：骨科、泌尿科、妇产科、烧伤科、整形外科、脑外科、心胸外科、普外科等等。
机器人相关物品展示,穿戴式辅助增强机器人,面向负载携行助力需求，自主研发了系列化穿戴式外骨骼机器人。军用单兵外骨骼实现了高原环境应用测试，地震救援、火灾救援外骨骼分别在中国地震应急救援中心、消防部队等完成应用示范。成果应邀参加“十二五”科技创新展。面向单人作业辅助需求，研制了穿戴式外肢体机器人，拓展人体独立作业能力，广泛应用于特种作业、工业制造等领域，解决如核工业、大飞机制造过程中的单人复杂作业难题。
机器人相关物品展示,模块化自重构机器人,模块化自重构机器人(变形机器人)能够完成普通的固定构形机器人所无法完成的复杂操作，特别适用于工作环境变化大、操作任务复杂的场合，在空间操作、抢险搜救、反恐侦察、核电站维护等领域有着广阔的应用前景。它可以构成能够穿越狭小空间的蛇形机器人、能够在不平路面上运动的多足行走机器人、可快速运动的滚动机器人、适于空间应用的柔性操作手等。由于电子学、微型机电系统及微型传感器技术的发展使得计算单元及微驱动、微传感器单元的体积越来越小，功能越来越强大，也有力的推动了自重构机器人由理论研究向工程实践发展。
机器人相关物品展示,标准模块单元,"标准单元包括反相器、与门、寄存器、选择器、全加器等多种基本单元，每一个标准单元对应着多个不同尺寸（W/L）、不同驱动能力的单元电路，而且不同驱动强度电路都是基本尺寸或最小尺寸的整数倍。
标准单元库，包括版图库、符号库、电路逻辑库等。包含了组合逻辑、时序逻辑、功能单元和特殊类型单元。是集成电路芯片后端设计过程中的基础部分。运用预先设计好的优化 的库单元进行自动逻辑综合和版图布局布线，可以极大地提高设计效率，加快产品进入市场的时间。一般每个工艺厂商在每个工艺下都会提供相应的标准单元。"
机器人相关物品展示,末端作用器,一个机器人末端执行器指的是任何一个连接在机器人边缘（关节）具有一定功能的工具。这可能包含机器人抓手，机器人工具快换装置，机器人碰撞传感器，机器人旋转连接器，机器人压力工具，顺从装置，机器人喷涂枪，机器人毛刺清理工具，机器人弧焊焊枪，机器人电焊焊枪等等。机器人末端执行器通常被认为是机器人的外围设备，机器人的附件，机器人工具，手臂末端工具。
机器人相关物品展示,机械臂,机械手臂是机械人技术领域中得到最广泛实际应用的自动化机械装置，在工业制造、医学治疗、娱乐服务、军事、半导体制造以及太空探索等领域都能见到它的身影。尽管它们的形态各有不同，但它们都有一个共同的特点，就是能够接受指令，精确地定位到三维（或二维）空间上的某一点进行作业。
机器人相关物品展示,高超声速飞行器,高超声速飞行器是指飞行速度超过5倍音速的飞机、导弹、炮弹之类的有翼或无翼飞行器，具有突防成功率高的特点，有着巨大的军事价值和潜在的经济价值。
机器人相关物品展示,智能服务机器人,智能服务机器人是在非结构环境下为人类提供必要服务的多种高技术集成的智能化装备，主要以服务机器人和危险作业机器人应用需求为研究重点，研究设计方法、制造工艺、智能控制和应用系统集成等共性基础技术。
机器人相关物品展示,医疗机器人研究项目,医疗机器人是指用于医院、诊所、康复中心等医疗场景的医疗或辅助医疗的机器人。医疗机器人能够辅助医生，扩展医生的能力，具有医用性、临床适应性以及良好交互性三大特点。然医疗机器人在机器人应用中是一个相对较小的细分市场，但作为单位价值最高的服务机器人，医疗机器人成为当前机器人行业和医疗行业发展和投资的热点。根据国际机器人联合会（IFR）分类，医疗机器人可以分为手术机器人、康复机器人、辅助机器人、服务机器人四大类
机器人相关物品展示,力反馈感知,力反馈近几年研发出来的虚拟手术系统，为医生提供一个虚拟的3D环境以及可交互操作平台，逼真的模拟临床手术的全过程。与传统的手术教学相比，虚拟手术具有无损伤性、可重复性和可指定性等优点。但是，该领域的大部分研究仅限于仿真的可视化阶段，由于缺乏触觉效果，医生在虚拟环境下完成的手术与临床环境差别很大。为了解决上述难题，力反馈概念引入虚拟手术系统，通过对手术器械和软组织等形变过程进行实时数值计算，模拟出软组织的变形情况和器械受力状态，并通过外接的力反馈输出设备（图1），使医生在手术操作中，感知到反馈力的存在，更好的达到临床手术的训练效果。
机器人相关物品展示,腹腔微创手术机器人,腹腔微创手术机器人，全称为“内窥镜手术器械控制系统”，由其标配“三件套”控制台、手术机械臂和三维成像系统组成。系统配备高清、放大的视野及灵巧精密的微创手术器械，可在微小创伤切口前提下，精准抵达手术部位，可以从本质上改变传统腔镜外科手术模式。在术野狭小、大血管周围或重要脏器部位进行高风险、精细手术操作时，具有传统技术所不可比拟的优越性。
机器人相关物品展示,码垛机器人,"码垛机器人，是机械与计算机程序有机结合的产物。为现代生产提供了更高的生产效率。码垛机器在码垛行业有着相当广泛的应用。码垛机器人大大节省了劳动力，节省空间。码垛机器人运作灵活精准、快速高效、稳定性高，作业效率高。
码垛机器人系统采用专利技术的坐标式机器人的安装占用空间灵活紧凑。能够在较小的占地面积范围内建造高效节能的全自动砌块成型机生产线的构想变成现实。"
机器人相关物品展示,电石出炉机器人,电石出炉是电石生产的关键工序之一，主要包括炉前和捣炉作业。电石出炉机器人系统包括炉前作业机器人和捣炉机器人两大系统。电石出炉机器人可以在复杂、高温、危险的环境下作业，在降低出炉工劳动强度的同时，可以提高出炉操作的效率和精准度。
机器人相关物品展示,人机协作型工业机器人,人机协作型工业机器人简称协作性机器人，指被设计成可以在协作区域内与人直接进行交互的机器人。本质上讲，协作机器人与传统机器人之间并没有非常大的不同，只是基于不同的设计理念生产的工业机器人产品，在协作机器人发展初期，很多都是从传统机器人的基础上改造的。但协作机器人与传统机器人相比，更加灵活高效，易于部署和替换，但运行速度和负载能力一般低于传统的机器人。
机器人相关物品展示,核反应堆压力容器检查机器人,反应堆压力容器是核能发电的关键设备，而且是特别容易出问题的设备之一，对反应堆压力容器进行定期检查和维修是十分重要的。哈尔滨工业大学与中核武汉核电运行技术股份有限公司联合研制成功具有自主知识产权的核反应堆压力容器检查机器人系统。该机器人系统实现了核反应堆压力容器的自动化检查，遥操作系统具有全三维动态模拟及实际控制、可离线编程仿真、测量及干涉检测等功能。本系统已通过了由CNPO 组织的UK-IVC（英国验证中心）认证，是国内首个通过 IVC 认证的、具有自主知识产权的核反应堆压力容器检查机器人系统，具备了在核反应堆实际现场应用的资质，同时打破了此类产品被西屋等国外公司长期垄断的局面。该系统于2011 年完成秦山核电站3、4 号反应堆压力容器机组役前、在役检测，并在役前检查中成功检出 3 号反应堆中某压力容器存在缺陷，避免了重大核事故的发生。
机器人相关物品展示,微纳机器人,微纳机器人是实验室面对世界科技前沿做的一些内容，微纳游动机器人指能在液体中游动的尺寸在1 nm~100μm左右的机器人，为介入式健康监测、超微诊断、靶向给药等提供变革性手段，现在还属于理论研究的阶段，没有应用到人体。
机器人相关物品展示,扑翼机器人,扑翼机器人由深圳校区的徐文福老师研发，亮相过2019年的央视春晚，应用于边境的侦查工作。扑翼机器人克服了固定翼、旋翼无人机成本高、能量利用率低、隐身能力弱等缺陷，且在自主能力、抗风能力、带载能力、巡航能力等方面明显高于微小型扑翼飞行器。
机器人相关物品展示,空间机械臂技术,小机械臂由我实验室刘宏院士、谢宗武教授团队和中科院长光所联合研制，相比于核心舱配备的大机械臂，小机械臂更加精巧，采用了7自由度对称构型，两端各有一个末端作用器，配合问天实验舱表面的“脚印”，可实现舱体不同位置的爬行。问天实验舱的小机械臂长约5米，最大负载3吨；相比于核心舱配备的展开长度达10米、最大承载质量25吨的大机械臂，要显得更“短小精悍”。相较于在天和核心舱上搭载的大机械臂，问天实验舱小机械臂末端定位精度更高，位置精度优于大机械臂5倍，姿态精度优于大机械臂2倍，其运动精度也更高，可用于完成精度要求更高的科学载荷安装、拆卸等任务。小机械臂可单独使用，也可与大机械臂形成组合机械臂，执行大范围、跨舱段的支持航天员出舱活动、舱外状态检查、舱外货物转移及安装、舱外维护维修、载荷照料、光学设施维护等任务。
机器人相关物品展示,医疗机器人,医疗机器人实验室承担了一批国家自然科学基金基础研究、863计划、国家重点研发计划等重点和重大医疗机器人研究项目，突破了医疗机器人灵巧手术器械设计、力反馈感知、精确主从控制、狭小空间精准操作、风险分析与安全控制、动物与临床试验、系统集成等关键技术，研制了骨科、普外科、心内科、神经外科手术机器人系统，获省部级科技进步奖4项、出版专著3部、获国家发明专利200余项。腹腔微创手术机器人获批国产腔镜手术医疗器械III类注册证，正在实施产业化。
机器人相关物品展示,协作型工业机器人,研发了新一代人机协作型工业机器人，操作复杂度更高、技巧性更强。机器人的核心部件具有独立自主知识产权，全部实现国产化，解决了批量化制造难题。哈工大协作型工业机器人 2018 年获得了“世界三大设计奖之一”的德国红点奖与“中国设计界的奥斯卡”中国设计红星奖。
机器人相关物品展示,核环境检测与维护,自主研发了国内首台具有自主知识产权的核反应堆压力容器检查机器人，通过了英国IVC认证并投入使用，在秦山一期、二期、岭澳、福清等核电站完成了役前、在役检测任务。研制了我国首台核聚变堆重载包层维护机器人与多功能灵巧机械臂，制订了通用技术标准和规范。
老师个人介绍,徐文福老师,"徐文福，哈尔滨工业大学（深圳）教授，博士生导师，机电工程与自动化学院副院长，国家级高层次人才，“广东特支计划”科技创新领军人才，深圳“鹏城学者”特聘教授，IEEE高级会员，爱思唯尔中国高被引学者，全球前2%顶尖科学家。
面向国际学术前沿及国家重大需求，开展特种机器人及仿生机器人的研究，在宇航空间机器人、仿生扑翼飞行机器人、多足移动操作机器人、敏捷操作机器人等方面取得创新性研究成果，实现多项重要工程应用。获部级科技进步一等奖2项。
已作为课题负责人主持了国家级项目/课题16项（其中，国家级重点项目6项）。以第一或通信作者发表学术论文150余篇，其中SCI期刊论文80余篇，有JCR一区论文60余篇（包括JCR 一区论文45篇，IEEE Transactions 汇刊18篇）；出版学术专著4部、教材2部，获得授权国家发明专利60余项。作为IROS、Robio、IEEE-SMC、ICARCV等多个顶级国际会议分会场主席主持论文报告。《Biomimetic Intelligence and Robotics》期刊编委。获得IEEE/ASME Transactions on Mechatronics国际期刊年度最佳论文提名奖1次，国际会议最佳论文奖1次、提名奖3次，获某部科技进步一等奖获2项。
入选爱思唯尔2020年、2021、2022年中国高被引学者 （机械工程），2022年全球前2%顶尖科学家；所带领的团队获2021年 “广东青年五四奖章”优秀集体、“深圳青年五四奖章”优秀集体。"
老师个人介绍,刘宏院士,刘宏，1966年12月出生于安徽省合肥市，中国工程院院士，哈尔滨工业大学党委常委、副校长，机器人技术与系统国家重点实验室主任，中国机械工程学会机器人分会副主任委员。1986年7月，刘宏在哈尔滨工业大学机械设计制造及其自动化专业获学士学位；1993年3月，在哈尔滨工业大学机械工程系机械电子工程专业获博士学位（硕博连读），随后在机器人研究所任讲师；2015年3月，任哈尔滨工业大学校长助理、机电工程学院院长；2017年6月，任哈尔滨工业大学党委委员、校长助理；2019年3月，任哈尔滨工业大学党委常委、副校长。刘宏教授主要从事空间机器人，机器人灵巧手，假手等方面研究。
老师个人介绍,谢宗武教授,谢宗武，男，汉族，1973年生。教授，哈尔滨工业大学机器人研究所教师。先后主持承担国家自然科学基金重点项目、863重点项目等10余项，参加自然科学基金和863项目20余项。研究领域包括机器人驱动与控制、空间机器人可靠性，驱动，控制。主要研究方向：空间机器人。
老师个人介绍,蔡鹤皋,蔡鹤皋教授，男，汉族，1934年6月5日出生于吉林省长春市，祖籍北京，机器人及机电一体化技术专家，中国工程院院士，青岛科技大学兼职教授，哈尔滨工业大学机电控制及自动化系教授。 1958年毕业于哈尔滨工业大学；1958年—1979年，担任在哈尔滨工业大学机械工程系讲师；1979年-1982年，在美国加州大学伯克利工学院机械工程系进修；1982年—1985年，担任哈尔滨工业大学机械工程系副教授；1985年—1986年，担任哈尔滨工业大学机电工程学院教授、博士生导师；1986年—1999年，在哈尔滨工业大学机器人研究所先后担任副所长、所长；1997年当选为中国工程院院士。蔡鹤皋教授长期从事机器人及自动化技术研究设计工作。
老师个人介绍,邓宗全,邓宗全教授，男，汉族，1956年10月2日出生于黑龙江省双鸭山市宝清县，宇航空间机构学专家，中国工程院院士，教育部高等学校机械基础课程教学指导委员会主任委员，宇航空间机构及控制技术国防重点学科实验室主任，哈尔滨工业大学教授、博士生导师。1982年，邓宗全在哈尔滨工业大学毕业，获学士学位；1984年，获哈尔滨工业大学硕士学位；2004年—2016年，担任哈尔滨工业大学副校长，博士生导师；2007年，担任宇航空间机构及控制国防重点学科实验室主任；2017年，当选为中国工程院院士。邓宗全教授长期从事宇航空间机构与特种机器人的设计理论与技术研究。
老师个人介绍,段广仁,段广仁教授，男，1962年4月出生，黑龙江桦川人。中国共产党党员，中国科学院院士，IEEE Fellow，IET Fellow，国家杰青，哈尔滨工业大学教授、博士生导师，哈尔滨工业大学航天学院控制理论与制导技术研究中心主任。 段广仁教授于1979年9月—1983年8月在东北重型机械学院应用数学专业学习，并获学士学位；1983年9月—1986年8月，在哈尔滨船舶工程学院现代控制理论专业学习，并获硕士学位；1986年9月—1989年8月，在哈尔滨工业大学 一般力学专业学习，并获博士学位；1991年10月，任哈尔滨工业大学控制工程系教授；2002年10月，任哈工大控制理论与制导技术中心主任；2019年，当选中国科学院院士。段广仁教授长期从事自动控制理论与应用研究；主要研究方向为控制系统的参数化设计、鲁棒控制、广义系统、线性矩阵不等式方法、飞行器制导与控制、磁悬浮控制系统设计。
实验室相关内容,实验室背景,机器人技术与系统国家重点实验室”源自哈尔滨工业大学机器人研究所，该所始建于1986年，是我国最早开展机器人技术研究的单位之一，在上个世纪80年代研制出我国第一台弧焊机器人和第一台点焊机器人。实验室依托机械工程（第四次学科评估A+）、控制科学与工程（A+）、电气工程（A-）等一级学科组建。于2007年开始建设，2007年8月通过可行性论证，2010年7月通过建设验收，2013年首次评估良好，2018年第二次评估优秀。
实验室相关内容,实验室队伍,实验室具有一支高素质的教学、科研队伍，经过多年的发展，形成了一支由院士、杰青、长江学者、资深教授等为学术带头人的学术梯队，具备年招收硕士研究200余名、博士研究生100余名、入站博士后20余名的人才培养能力。先后与美国、德国、日本、英国、法国、意大利、俄罗斯、澳大利亚、新加坡等国家和地区建立了学术交流与合作关系。
实验室相关内容,实验室定位,立足国际机器人技术的发展前沿，面向国民经济发展与科技发展的战略目标和重大需求，凸显航天、国防特色和军民融合发展理念，开展战略性、前沿性、前瞻性的先进机器人基础研究、应用基础研究，通过多学科交叉，积极开展高水平学术交流与合作，将实验室建设成为具有国际影响力的机器人技术自主创新研究、高端人才培养与社会服务的国家级基地。
实验室相关内容,实验室目标,攻克一批机器人领域前沿理论与核心技术，支撑国家重大科技工程的实施，引领我国机器人技术的跨越式发展；突破一批制约机器人产业化的技术瓶颈，促进科研成果的转化，提升国产机器人国际竞争力；培养和汇聚一批高端人才，促进学科交叉融合，形成特色鲜明、国际一流的学科体系。
实验室相关内容,实验室研究方向,形成了多学科交叉融合、富有特色的4个研究方向：机器人设计方法与共性技术、机器人认知与智能行为控制、人机交互与和谐共存的理论与技术、机器人及机电一体化系统集成技术。
实验室相关内容,中科院长光所,中国科学院长春光学精密机械与物理研究所位于吉林省长春市二道区，始建于1952年，1999年由中科院长春光机所（前身为始建于1952年的仪器馆和始建于1953年的机电研究所）与中科院长春物理所（前身为始建于1958年的吉林分院技术物理所）整合成中国科学院长春光学精密机械与物理研究所。研究所主要研究方向是发光学、应用光学、光学工程、精密机械与仪器的研发生产，先后参加了“两弹一星”、“载人航天工程”等多项国家重大工程项目。据2015年12月研究所官网显示，长春光机所园区占地总面积54万平方米，建筑面积25万平方米；18个研究部室，在职职工2100余人，在学研究生近千人。2019年10月26日，中国科学院长春光学精密机械与物理研究所研究员张学军荣获首届中国空间科学学会技术奖。
专业名词解释,机器人技术,机器人技术是综合了计算机、控制论、机构学、信息和传感技术、人工智能、仿生学等多学科而形成的高新技术。
专业名词解释,机械工程,机械工程是一门利用物理定律和化学规律为机械系统作分析、设计、制造及维修的工程学科。机械工程是以有关的自然科学和技术科学为理论基础，结合生产实践中的技术经验，研究和解决在开发、设计、制造、安装、运用和维修各种机械中的全部理论和实际问题的应用学科。机械工程是工学研究生教育一级学科，工程研究生教育一个领域。
专业名词解释,学科评估,"全国高校学科评估是在有关部门的支持下，教育部学位与研究生教育发展中心（简称：学位中心）按照教育部和国务院学位委员会颁布的《学位授予和人才培养学科目录》，对具有研究生培养和学位授予资格的一级学科进行整体水平评估（简称：学科评估），“学科评估”侧重于学术型学位，而专业学位水平评估是“学科评估”的专业学位部分。并根据评估结果进行聚类排位。
此项工作于2002年首次在全国开展，至2017年已完成四轮评估。"
专业名词解释,控制科学与工程,控制科学与工程在本科阶段称为“自动化”，研究生阶段称为“控制科学与工程”。本学科是研究控制的理论、方法、技术及其工程应用的学科，以控制论、系统论、信息论为基础，研究各应用领域内的共性问题，即为了实现控制目标，应如何建立系统的模型，分析其内部与环境信息，采取何种控制与决策行为；而与各应用领域的密切结合，又形成了控制工程丰富多样的内容。本学科点在理论研究与工程实践相结合、学科交叉和军民结合等方面具有明显的特色与优势，对经济发展和国家安全发挥了重大作用，服务领域覆盖互联网、人工智能、通信、IT、智能制造、金融管理、教育咨询、科学研究等领域，工作形式涵盖技术研发、管理咨询、教学科研等。
专业名词解释,电气工程,电气工程（英文：Electrical Engineering，简称:EE），是现代科技领域中的核心学科和关键学科。电气工程的传统、宽泛的定义是指用于创造产生电气与电子系统的有关学科的总和。随着科学技术的飞速发展，电气工程概念已经远超出上述定义的范畴。斯坦福大学的教授指出：“当今的电气工程涵盖了几乎所有与电子、光子有关的工程行为”。正是电子技术的巨大进步才推动了以计算机网络为基础的信息时代的到来，并改变了包括人类的生活与工作模式等各个方面。美国大学电气工程学科，又称电气工程系、电气工程与信息科学系、电气工程与计算机科学系等，主要以计算机和信息术为研究方向和重点。
专业名词解释,一级学科,"一级学科，包括以下2种提法：一是教育部《学位授予和人才培养学科目录》。在高等学校研究生教育体系设置中，一级学科是学科大类，二级学科是其下的学科小类。截至2021年1月14日，共设14个学科门类（哲学、经济学、法学、教育学、文学、历史学、理学、工学、农学、医学、管理学、军事学、艺术学、交叉学科）、112个一级学科。例如，理学下有数学、物理学、地理学等十余个一级学科。
二是国家标准《中华人民共和国学科分类与代码国家标准》（GB/T 13745）。它是经国家技术监督局批准，由国家科委与技术监督局共同提出，国家技术监督局于1992年11月1日正式在北京发布该标准。1993年7月1日正式实施此标准。根据2009修订版，共设5个门类（自然科学类、农业科学类、医药科学类、工程与技术科学类、人文与社会科学类）、58个一级学科。例如，自然科学类下有数学、物理学、地球科学等八个一级学科。"
专业名词解释,可行性论证,可行性论证指对项目的技术先进性和经济合理性进行综合分析和论证，以期达到最佳经济效果的工作方法。一般分机会研究、初步可行性研究和技术经济可行性研究三个阶段。现代可行性论证的关键问题往往在于技术的成熟性、经济的合理性以及技术应用范围、条件和预期的经济效益、社会效益作出正确的分析和评价。
专业名词解释,介入式健康监测,介入式健康检测指直接干预或接触患者以进行健康评估或诊断的医疗手段。
专业名词解释,超微诊断,超微诊断（Ultra-Micro Diagnostics）是一种高度精确和敏感的医学检测技术，它能够检测和分析极小量的生物标志物。这种技术的主要特点是它能够在分子层面上进行诊断，从而实现早期疾病检测和准确的健康监测。
专业名词解释,靶向给药,"靶向给药系统诞生于20世纪70年代,是一种新的制剂技术和工艺,是指药物通过局部或全身血液循环而浓集定位于靶组织.靶器官.靶细胞的给药系统。靶向给药系统也是一种药物载体系统,具有将药物选择性的传输并释放于靶组织，靶器官或者靶细胞,使靶区药物浓度增大,降低其他非靶部位浓度以减少毒副作用的特性。靶向制剂最初只指向狭义的抗癌制剂,随着研究的深入,研究领域的拓宽从给药途径靶向专一性及特效型方面都有突破性进展,靶向制剂发展成为一切具有靶向性的制剂"
专业名词解释,自主能力,自主能力是指机器人在没有人为直接控制的情况下，能够独立完成任务和导航的能力。机器人的自主能力设计环境感知，数据处理与决策，自主导航，学习与自适应，交互能力等多方面。
专业名词解释,带载能力,无人机是一种能够独立飞行的机器人，具有携带和运输物品的能力。无人机的载荷能力取决于其自身结构设计和电池容量等因素。小型无人机可以携带数百克的负荷，而大型无人机则可携带数千克的货物。
专业名词解释,巡航能力,小型飞行器的巡航能力通常指在飞行过程中长时间保持稳定飞行状态的能力。巡航能力受续航时间，飞行稳定性，自动导航和控制系统，飞行距离以及有效载荷的影响。
专业名词解释,中国优秀工业设计金奖,"中国优秀工业设计奖是中国工业设计领域唯一经中央批准开展的国家政府奖项，由工业和信息化部主办。奖项旨在表彰具有引领性、前瞻性设计创新的项目及单位，全面检验和展示中国工业设计成果，营造全社会重视工业设计的良好氛围，有利于促进工业设计创新发展，助推制造强国建设。工业设计是创意创新特点突出的行业，其产品凝聚了科技、文化、艺术、智慧等元素，有利于丰富制造业产品品种，提升产品附加值。《中国制造2025》明确提出，设立国家工业设计奖，激发全社会创新设计的积极性和主动性。

2012年、2016年、2018年、2020年相继举办了第一届、第二届、第三届和第四届中国优秀工业设计奖，均取得了良好的社会反响。设立金奖10个、银奖20个、铜奖30个，分为产品设计奖和概念作品奖(概念作品奖占比不超过20%)。2018年哈尔滨工业大学设计的自主变形机器人获得唯一概念设计奖。"
专业名词解释,自由度,自由度是根据机械原理，机构具有确定运动时所必须给定的独立运动参数的数目（亦即为了使机构的位置得以确定，必须给定的独立的广义坐标的数目），其数目常以F表示。如果一个构件组合体的自由度F大于0，他就可以成为一个机构，即表明各构件间可有相对运动；如果F=0，则它将是一个结构（structure），即已退化为一个构件。机构自由度又有平面机构自由度和空间机构自由度。一个原动件只能提供一个独立参数。
专业名词解释,手持电动工具,手持电动工具，指的是便携式的电动工具，可直接用手操作无需其他辅助装置。
专业名词解释,国家技术发明奖,国家技术发明奖，授予运用科学技术知识做出产品、工艺、材料及其系统等重大技术发明的中国公民。产品包括各种仪器、设备、器械、工具、零部件以及生物新品种等；工艺包括工业、农业、医疗卫生和国家安全等领域的各种技术方法；材料包括用各种技术方法获得的新物质等；系统是指产品、工艺和材料的技术综合。 技术发明是指利用自然规律首创并成功地用于改造客观世界的技术新成果。它一般是与生产有关的新技术，如在国民经济某一技术领域中提供了新的、先进的、效益好的新技术。
专业名词解释,筛网轮构型,筛网轮构型是一种用于筛选和过滤的装置，它通常由一系列按一定规律排列的筛网组成。这些筛网按照设计要求进行构型，以确保其能够有效地过滤和筛选出不同大小和形状的颗粒或物质。
专业名词解释,轮步式,轮步复合行走模式，车轮具有两种状态，一种是和轮式移动车辆相同的驱动模式，另一种是和轮式移动车辆不同的制动模式。轮步复合式移动系统，轮式模式下具有轮式行走的效率，轮步复合模式下具备步式行走的高通过性。
专业名词解释,非结构环境,非结构环境是指表面材质性能不均，结构及尺寸变化不规律且不稳定，环境信息非固定、不可知、不可描述的环境。在非结构化环境中，通过工具或手段去认知环境、收集数据、处理信息，达到目标环境的稳定、可认知、可描述。
专业名词解释,人口老龄化,人口老龄化是指人口生育率降低和人均寿命延长导致的总人口中因年轻人口数量减少、年长人口数量增加而导致的老年人口比例相应增长的动态。
专业名词解释,智能化新时代,智能化新时代是指一个以人工智能等新一代信息技术为支撑，推动教育转型和变革的时期。这个时期，信息技术能够主动挖掘教育数据、提供智能服务，重塑教育生态，实现智慧教育。智能化代表了事物在技术支持下满足人们需求的属性，例如无人驾驶汽车等。智能化也意味着新媒体通过智能技术的应用，具备类似于人类的感知、记忆、思维、学习、自适应和决策能力，在各种场景中以人类需求为中心，对随机性的外部环境做出决策并付诸行动。
专业名词解释,人机融合,人机融合是指人与机器或计算机技术之间的紧密融合关系，旨在提高人类的认知、生理能力和生活质量。它涵盖多个领域，包括生物技术、脑机接口、增强现实等，通过智能算法和系统的帮助，使人类能够更高效地执行任务。人机融合可以增强人类的感知、认知和智能，实现更复杂的交互和沟通。它正在改变许多领域，包括教育、医疗、制造等，并推动未来的发展和创新。
专业名词解释,智能感知,智能感知是指通过各种传感器和算法，使智能系统能够感知和理解周围环境的能力。它是人工智能领域的一个重要研究方向，也是实现智能化应用的关键技术之一。智能感知技术的核心是将物理世界中的信息转化为计算机可处理的数字信号。这些信息可以来自于各种传感器，如摄像头、麦克风、温度传感器等。通过这些传感器获取的数据，可以被输入到智能系统中，经过算法的处理和分析，从而实现对环境的感知和理解。
专业名词解释,交互控制,交互控制指的是在人机交互过程中，对系统进行有意识地干预和调整，以达到特定目标的过程。
专业名词解释,地震救援,地震救援主要是指迅速搜索与营救由于地震造成的建筑物破坏而被压埋人员的举动。在地震发生后展开救援的第一步是搜索工作。而在搜索之前必须要进行正确的区域、场所的划分和设定，现场必须实施警戒，严格控制人员出入，设立工作区、装备区、指挥部等，这样才能提供良好的搜索环境，提高搜索效率。能带来更多人员的幸存。
专业名词解释,火灾救援,火灾救援是一系列紧急响应措施，旨在控制和扑灭火灾，同时保护和救助受火灾威胁的人员、财产和环境。
专业名词解释,核工业,核工业是核能开发、利用的综合性新兴工业部门。包括放射性地质勘探、铀矿开采、水法冶金、铀精制、铀同位素分离、核燃料元件制造、各种类型反应堆、核电站、乏燃料后处理、放射性废物的处理与处置、锂同位素分离、放射性同位素生产、核武器生产等生产企业和科研、设计单位。在国民经济中具有重要作用：利用核能使之转变为电能、热能和机械动力，可获得安全、清洁、热值高的能源；提供多种放射性同位素产品、同位素仪器仪表及辐射技术，在辐射加工、食品保鲜、医疗诊断等方面发挥特殊效能；极大地促进冶金、化工、机械制造、电子、辐射化学、核医学、核电子学等领域发展。
专业名词解释,单人复杂作业,大飞机制造过程中的“单人复杂作业”指的是在飞机制造过程中，由单个工人独立完成的复杂和技术要求高的任务。这类作业通常涉及对飞机的关键部件或系统进行精细和专业的操作，要求工人具备高度的技能和专业知识。这些作业可能包括：精密组装，电气和电子系统安装，航空系统调试，结构检查和修复，涂装和表面处理以及质量控制检验等。
专业名词解释,国家自然科学基金,"20世纪80年代初，为推动中国科技体制改革，变革科研经费拨款方式，中国科学院89位院士(学部委员)致函党中央、国务院，建议借鉴国际成功经验，设立面向全国的自然科学基金，得到党中央、国务院的首肯。随后，在小平同志的亲切关怀下，国务院于1986年2月14日正式批准成立国家自然科学基金委员会（简称自然科学基金委，英文名称为National Natural Science Foundation of China，缩写为NSFC）。 
国家自然科学基金坚持支持基础研究，逐渐形成和发展了由研究项目、人才项目和环境条件项目三大系列组成的资助格局。三十多年来，自然科学基金在推动中国自然科学基础研究的发展，促进基础学科建设，发现、培养优秀科技人才等方面取得了巨大成绩。
国家自然科学基金重大研究计划是现阶段国家自然基金中层次最高、资助力度最大、权威性最强的项目类别，主要围绕国家重大战略需求和重大科学前沿，凝练科学目标，凝聚优势力量，形成具有相对统一目标或方向的项目集群，提升中国基础研究的原始创新能力，为国民经济、社会发展和国家安全提供科学支撑。 
2023年2月28日，国家统计局发布《中华人民共和国2022年国民经济和社会发展统计公报》，初步核算，2022年国家自然科学基金共资助5.19万个项目。"
专业名词解释,863计划,"“国家高技术研究发展计划”（简称863计划）是科学家的战略眼光与政治家的高瞻远瞩相结合的产物，凝练了中国发展高科技的战略需求。1986年国务院组织了全国200多位科学家对计划建议进行了大半年的论证，在中国科学技术需要急起直追的年代，863计划的实施有力推动了中国高技术的进步   。
2016年，随着国家重点研发计划的出台，863计划结束了自己的历史使命 。"
专业名词解释,国家重点研发计划,"国家重点研发计划是当前我国最高级别的研发项目   。英文全称：“National Key Research and Development Program of China”。国家重点研发计划由原来的国家重点基础研究发展计划（973计划）、国家高技术研究发展计划（863计划）、国家科技支撑计划、国际科技合作与交流专项、产业技术研究与开发基金和公益性行业科研专项等整合而成，是针对事关国计民生的重大社会公益性研究，以及事关产业核心竞争力、整体自主创新能力和国家安全的战略性、基础性、前瞻性重大科学问题、重大共性关键技术和产品，为国民经济和社会发展主要领域提供持续性的支撑和引领。
国家重点研发计划，针对事关国计民生的重大社会公益性研究，以及事关产业核心竞争力、整体自主创新能力和国家安全的重大科学技术问题，突破国民经济和社会发展主要领域的技术瓶颈。"
专业名词解释,精确主从控制,主从控制，即建立主手和从手之间的映射关系，并根据此映射关系设计相应的控制方法实现主手对从手的完全控制。
专业名词解释,狭小空间精准操作,医疗机器人的狭小空间精准操作是指医疗机器人在人体内部或其他狭窄空间内进行精细、准确的操作能力。这项能力在许多医疗程序中至关重要，尤其是在微创手术和一些复杂的医疗操作中。
专业名词解释,风险分析与安全控制,医疗机器人的风险分析与安全控制是指对医疗机器人在设计、制造、运行和维护过程中可能出现的风险进行系统的分析，并采取措施来控制或减轻这些风险，以保证患者和医疗人员的安全。
专业名词解释,动物与临床试验,临床前动物实验研究是评价和验证医疗器械可行性、安全性和有效性的重要手段之一，特别是针对一些尚未大量投入临床应用的高风险医疗器械及创新医疗器械，在开展临床试验研究之前需要先开展动物实验研究。而临床试验（ClinicalTrial），指任何在人体（病人或健康志愿者）进行药物的系统性研究，以证实或揭示试验药物的作用、不良反应及/或试验药物的吸收、分布、代谢和排泄，目的是确定试验药物的疗效与安全性。 临床试验一般分为I、II、III、IV期临床试验和EAP临床试验。
专业名词解释,系统集成,系统集成( system integration)通常是指将软件、硬件与通信技术组合起来为用户解决信息处理问题的业务，集成的各个分离部分原本就是一个个独立的系统，集成后的整体的各部分之间能彼此有机地和协调地工作，以发挥整体效益，达到整体优化的目的。
专业名词解释,手术机器人系统,手术机器人系统是一种高度先进的医疗设备，用于协助或部分替代外科医生进行各种手术。这些系统结合了精密的机械臂、高级软件控制、精确的图像引导以及时的反馈，使手术更加精准、微创和安全。
专业名词解释,国家发明专利,国家发明专利是专利的一种。我国专利法规定可以获得专利保护的发明创造有发明专利、实用新型专利和外观设计专利三种，其中发明专利是最主要的一种。
专业名词解释,国产腔镜手术医疗器械,据国家药监局官网及各大药企公告不完全梳理发现，包括胸腹腔内窥镜手术控制系统在内，目前已有6款国产腔镜机器人获批，分别为威高的妙手S腔镜手术机器人、微创医疗的Toumai腔镜手术机器人、康多的腔镜手术机器人、精锋医疗的多孔腔镜手术机器人以及思哲睿的腔镜手术机器人SR1000。
专业名词解释,产业化,"产业化是指某种产业在市场经济条件下，以行业需求为导向，以实现效益为目标，依靠专业服务和质量管理，形成的系列化和品牌化的经营方式和组织形式。 [1] 
“产业化”的概念是从“产业”的概念发展而来的。“产业”这个概念是属居于微观经济的细胞与宏观经济的单位之间的一个“集合概念”，它是具有某种同一属性的企业或组织的集合，又是国民经济以某一标准划分的部分的总和。"
专业名词解释,机电一体化数字化装备, 机器人与机电一体化 大量智能化、数字化的工业机器人，逐渐的取代传统的人工流水线作业模式，智能工业机器人的广泛使用，不仅能够解放了大量的人力，同时还显著的提高了工业生产水平和质量。此外，随着机电一体化技术在工业机器人优化、升级和换代中的应用，能够推动机电一体化技术逐渐的向数字化、智能化以及机械化方向发展。
专业名词解释,工业机器人关键技术,"工业机器人关键技术包括：
 一、开放性模块化的控制系统体系结构：采用分布式CPU计算机结构，分为机器人控制 运动控制器，光电隔离控制板、传感器处理板和编程示教盒等。
 二、模块化层次化的控制器软件系统：软件系统建立在基于开源的实时多任务操作系统上，采用分层和模块化结构设计，以实现软件系统的开放性。整个控制器软件系统分为三个层次：硬件驱动层、核心层和应用层。
 三、机器人的故障诊断与安全维护技术：通过各种信息，对机器人故障进行诊断，并进行相应维护，是保证机器人安全性的关键技术。
 四、网络化机器人控制器技术：当前机器人的应用工程由单台机器人工作站向机器人生产线发展，机器人控制器的联网技术变得越来越重要。控制器上具有串口、现场总线及以太网的联网功能。可用于机器人控制器之间和机器人控制器同上位机的通讯，便于对机器人生产线进行监控、诊断和管理。
 工业机器人控制技术的主要任务就是控制工业机器人在工作空间中的运动位置、姿态和轨迹、操作顺序及动作的时间等。具有编程简单、软件菜单操作、友好的人机交互界面、在线操作提示和使用方便等特点。和计算机、网络技术一样，工业机器人的广泛应用正在日益改变着人类的生产和生活方式。"
专业名词解释,德国红点奖,红点奖 ，源自德国。是与IF设计奖齐名的一个工业设计大奖，是世界上知名设计竞赛中最大最有影响的竞赛。红点奖与德国“IF奖”、美国“IDEA奖”一起并称为世界三大设计奖。
专业名词解释,中国设计红星奖,德国红点奖机构于2015年在中国设立“中国好设计”奖 （China Good Design）简称CGD，发起针对中国的全新国际化设计奖项。
专业名词解释,惯性约束核聚变,"惯性约束聚变, 是利用粒子的惯性作用来约束粒子本身，从而实现核聚变反应的一种方法。其基本思想是：利用驱动器提供的能量使靶丸中的核聚变燃料（氘、氚）形成等离子体，在这些等离子体粒子由于自身惯性作用还来不及向四周飞散的极短时间内，通过向心爆聚被压缩到高温、高密度状态，从而发生核聚变反应。由于这种核聚变是依靠等离子体粒子自身的惯性约束作用而实现的，因而称为惯性约束聚变。详细介绍了其理论依据以及技术原理、实现惯性约束聚变的关键技术以及在我国的发展状况。"
专业名词解释,美国国家点火工程装置,国家点火装置 是美国科学家研制的、世界最大的激光约束聚变装置。由美国加利福尼亚州劳伦斯·利弗莫尔国家实验室研制。可把200万焦的能量通过192条激光束聚焦到一个很小的点上，从而产生类似恒星和巨大行星的内核以及核爆炸时的温度和压力。在此基础上，可以实施此前在地球上无法实施的许多试验。该计划1997年开工，2009年正式落成，其最终目标是点火实现自持聚变反应。
专业名词解释,机器人核心技术,机器人核心技术通常指的是支撑机器人设计、制造和运作的关键技术和知识领域。包括：机械工程：涉及机器人的物理结构设计，包括机械臂、关节、驱动器（如伺服电机）和其他机械组件的设计和制造。电子工程：关于机器人的电路设计、电子组件（如传感器和控制系统）的集成和电力管理。控制理论：涉及对机器人运动和操作的控制算法，包括稳定性、响应速度和精确度的控制。计算机科学：包括机器人的编程、软件开发、人工智能和机器学习算法，以及数据处理和分析。传感器技术：机器人通过传感器感知环境，包括视觉传感器（如摄像头）、力觉和触觉传感器、超声波传感器等。人工智能和机器学习：让机器人能够自主学习和适应环境，提高决策能力和任务执行的自主性。人机交互（HMI）：涉及机器人的用户界面设计、语音和图像识别技术，以及交互式控制系统。机器人操作系统：如ROS（Robot Operating System），提供了机器人编程和控制的标准化框架。网络和通信技术：使机器人能够通过无线网络等方式与外界通信，进行数据传输和远程控制。
专业名词解释,机器人化装备,机器人化装备研究方向主要围绕国家发展规划，针对重点行业的需求，进行特需机器人等装备的设计与研发工作，努力促进我国机器人装备水平提高和产业化。在跨学科系统集成、复杂系统控制、高动态特性装备研发等方面，取得了一系列成果，积累了大量的理论研究成果和工程技术经验。
专业名词解释,英国IVC认证,UK-IVC（英国验证中心）。哈尔滨工业大学与中核武汉核电运行技术股份有限公司联合研制成功具有自主知识产权的核反应堆压力容器检查机器人系统，是国内首个通过 IVC 认证的核反应堆压力容器检查机器人系统。
专业名词解释,秦山一期核电站,秦山一期核电厂是我国自行设计、建造和运营管理的第一座30万千瓦压水堆核电厂，地处浙江省海盐县。由中国核工业集团公司100%控股，秦山核电有限公司负责电站的运营管理。
专业名词解释,秦山二期核电站,秦山第二核电厂位于东海之滨，钱塘江入海口北岸，坐落在海盐县秦山镇杨柳山，与秦山核电一期、三期毗邻，东临杭州湾，地处华东电网负荷中心。二期工程依然由中国自主承担设计、建造和运营任务，采用压水反应堆技术，安装4台60万千瓦发电机组。由中国核工业集团公司、浙江省电力开发公司、申能（集团）有限公司、江苏省国信资产管理集团有限公司、中电投核电有限公司、安徽省能源集团有限公司共同出资兴建，中国核工业集团公司控股。核电厂的设计寿命为40年
专业名词解释,岭澳核电站,岭澳核电站是1994年2月大亚湾核电站第一台机组胜利投产时，国务院决定兴建的广东第二座大型商用核电站。岭澳核电站规划建设4台百万千瓦级压水堆发电机组。首期建设2台，采用大亚湾核电站技术翻版加改进方案。在建设中加大了自主化和国产化力度，实现了建安施工自主化，主承包商全部由中方单位承担。
专业名词解释,福清核电站,福清核电站，工程规模为6台百万千瓦级压水堆核电机组。福清百万千瓦核电机组是目前中国自主化、国产化程度最高的核电机组，安全性非常可靠。一期工程建设的两台百万千瓦级机组，计划分别于2013年、2014年建成发电。福清核电站，可望成为中国核电发展技术水平、管理模式提升的一个符号，也将是中国核电迈入发展快车道的一个缩影。
专业名词解释,通用技术标准,"《通用技术标准》是1995年水利电力出版社出版的图书。本汇编由中国电力企业联合会组织有关专家汇集、整理而成。内容
包括水利水电枢纽工程等级划分及设计标准，水利水电工程可行性、初
步设计报告编制规程，小型水力发电站设计规范，水利水电工程设计防
火规范，水利水电工程施工组织设计规范，水利水电工程制图标准等。
本汇编通用性强，适合水利水电行业所有专业使用。
本汇编可供水利水电行业的设计、施工、管理、科研、教学人员使
用，亦可供其他标准化部门参考。"